{
  "0": {
    "precision": 0.976545842217484,
    "recall": 0.9215291750503019,
    "f1-score": 0.94824016563147,
    "support": 497.0
  },
  "1": {
    "precision": 0.9760295021511985,
    "recall": 0.9931207004377736,
    "f1-score": 0.9845009299442034,
    "support": 1599.0
  },
  "accuracy": 0.976145038167939,
  "macro avg": {
    "precision": 0.9762876721843412,
    "recall": 0.9573249377440377,
    "f1-score": 0.9663705477878366,
    "support": 2096.0
  },
  "weighted avg": {
    "precision": 0.9761519358405801,
    "recall": 0.976145038167939,
    "f1-score": 0.9759028384063081,
    "support": 2096.0
  }
}