{
  "0": {
    "precision": 0.9591002044989775,
    "recall": 0.9436619718309859,
    "f1-score": 0.9513184584178499,
    "support": 497.0
  },
  "1": {
    "precision": 0.9825762289981331,
    "recall": 0.9874921826141339,
    "f1-score": 0.9850280723643169,
    "support": 1599.0
  },
  "accuracy": 0.9770992366412213,
  "macro avg": {
    "precision": 0.9708382167485553,
    "recall": 0.9655770772225598,
    "f1-score": 0.9681732653910834,
    "support": 2096.0
  },
  "weighted avg": {
    "precision": 0.977009633494278,
    "recall": 0.9770992366412213,
    "f1-score": 0.9770349053168961,
    "support": 2096.0
  }
}