{
  "0": {
    "precision": 0.9628865979381444,
    "recall": 0.9396378269617707,
    "f1-score": 0.9511201629327902,
    "support": 497.0
  },
  "1": {
    "precision": 0.9813780260707635,
    "recall": 0.9887429643527205,
    "f1-score": 0.9850467289719627,
    "support": 1599.0
  },
  "accuracy": 0.9770992366412213,
  "macro avg": {
    "precision": 0.9721323120044539,
    "recall": 0.9641903956572455,
    "f1-score": 0.9680834459523764,
    "support": 2096.0
  },
  "weighted avg": {
    "precision": 0.9769933696862636,
    "recall": 0.9770992366412213,
    "f1-score": 0.9770021186086665,
    "support": 2096.0
  }
}