{
  "0": {
    "precision": 0.9594320486815415,
    "recall": 0.9517102615694165,
    "f1-score": 0.9555555555555556,
    "support": 497.0
  },
  "1": {
    "precision": 0.9850280723643169,
    "recall": 0.9874921826141339,
    "f1-score": 0.9862585883822611,
    "support": 1599.0
  },
  "accuracy": 0.9790076335877863,
  "macro avg": {
    "precision": 0.9722300605229293,
    "recall": 0.9696012220917751,
    "f1-score": 0.9709070719689084,
    "support": 2096.0
  },
  "weighted avg": {
    "precision": 0.9789587862143457,
    "recall": 0.9790076335877863,
    "f1-score": 0.9789783368007379,
    "support": 2096.0
  }
}