{
  "0": {
    "precision": 0.9707724425887265,
    "recall": 0.9356136820925554,
    "f1-score": 0.9528688524590164,
    "support": 497.0
  },
  "1": {
    "precision": 0.9802102659245516,
    "recall": 0.9912445278298937,
    "f1-score": 0.9856965174129353,
    "support": 1599.0
  },
  "accuracy": 0.9780534351145038,
  "macro avg": {
    "precision": 0.975491354256639,
    "recall": 0.9634291049612245,
    "f1-score": 0.9692826849359759,
    "support": 2096.0
  },
  "weighted avg": {
    "precision": 0.9779723851049404,
    "recall": 0.9780534351145038,
    "f1-score": 0.9779124766294918,
    "support": 2096.0
  }
}