{
  "0": {
    "precision": 0.9733606557377049,
    "recall": 0.9557344064386318,
    "f1-score": 0.9644670050761421,
    "support": 497.0
  },
  "1": {
    "precision": 0.986318407960199,
    "recall": 0.991869918699187,
    "f1-score": 0.9890863735578422,
    "support": 1599.0
  },
  "accuracy": 0.9833015267175572,
  "macro avg": {
    "precision": 0.9798395318489519,
    "recall": 0.9738021625689094,
    "f1-score": 0.9767766893169922,
    "support": 2096.0
  },
  "weighted avg": {
    "precision": 0.983245887514312,
    "recall": 0.9833015267175572,
    "f1-score": 0.9832486702489659,
    "support": 2096.0
  }
}