{
  "0": {
    "precision": 0.9746300211416491,
    "recall": 0.9275653923541247,
    "f1-score": 0.9505154639175257,
    "support": 497.0
  },
  "1": {
    "precision": 0.977818853974122,
    "recall": 0.9924953095684803,
    "f1-score": 0.9851024208566108,
    "support": 1599.0
  },
  "accuracy": 0.9770992366412213,
  "macro avg": {
    "precision": 0.9762244375578856,
    "recall": 0.9600303509613025,
    "f1-score": 0.9678089423870683,
    "support": 2096.0
  },
  "weighted avg": {
    "precision": 0.9770627232881779,
    "recall": 0.9770992366412213,
    "f1-score": 0.9769012197121808,
    "support": 2096.0
  }
}